Title,AltTitle,CcliNumber,ChordSheetKeys,LeadSheetKeys,NumberChart,LyricSheet,Category
Away in a Manger,,38583,"F,F,F#","F,F,F#",TRUE,TRUE,Christmas
Behold The Lord,,1101763,"G,G","G,G",TRUE,TRUE,Main
Break Every Chain,,5910977,"F,F#","F,F#",TRUE,TRUE,Main
Faithful,,5869877,"F,Gb","F,Gb",TRUE,TRUE,Main
Hallelujah For The Cross,,7107551,"D,D,C,C","D,D,C,C",TRUE,TRUE,Main
Holy,Wedding Day,6129798,"A,Bb","A,Bb",TRUE,TRUE,Main
Hosanna,,4785835,"E,E,E,E","E,E,E,E",TRUE,TRUE,Main
It Is Well,Hymn,25376,"C,C,Db,C","C,C,Db,C",TRUE,TRUE,Main
It Is Well With My Soul,,25376,"C,C","C,C",TRUE,TRUE,Main
Jesus I Am Resting,,148576,"G,G","G,G",TRUE,TRUE,Main
Like A River Glorious,,33935,"F,F","F,F",TRUE,TRUE,Main
Majesty,,4219071,"A,Bb,C,C","A,Bb,C,C",TRUE,TRUE,Main
Mountain,,6428853,"D,D","D,D",TRUE,TRUE,Main
O Come O Come Emmanuel,Vol. 1,31982,"Em,Em,G","Em,Em,G",TRUE,TRUE,Christmas
Oh What Love,,7044259,"D,D","D,D",TRUE,TRUE,Main
Our God Is Love,,5636866,"F#,F,F#,F","F#,F,F#,F",TRUE,TRUE,Main
Praise You In This Storm,,4543620,"F,F#","F,F#",TRUE,TRUE,Main
Reckless Love,,7089641,"F,F#,F#,F","F,F#,F#,F",TRUE,TRUE,Main
The Cross Stands,,6521035,"A,Bb,Bb,A","A,Bb,Bb,A",TRUE,TRUE,Main
What Child Is This,,30983,"G,G,F#","G,G,F#",TRUE,TRUE,Christmas
Who You Say I Am,,7102401,"A,A,F#,F","A,A,F#,F",TRUE,TRUE,Main
Worthy of Affection,,5627772,"C,C,C,C","C,C,C,C",TRUE,TRUE,Main
Your Great Name,,5393329,"C,C,F#,F","C,C,F#,F",TRUE,TRUE,Main
